id,name
1,防
2,键盘
3,盐
4,明天
5,恋爱
6,相反
7,相关
8,升
9,无论
10,自私
11,哪怕
12,国庆节
13,挂号
14,电影
15,象征
16,补
17,吾
18,聊
19,板
20,经验
21,细节
22,帮忙
23,告别
24,期间
25,膊
26,安
27,心脏
28,废话
29,飘
30,夋
31,日
32,高速公路
33,世
34,发抖
35,时
36,最后
37,翻
38,届
39,医生
40,希
41,妨碍
42,工业
43,房
44,输入
45,力量
46,公共汽车
47,超级
48,话
49,紧
50,世界
51,亚洲
52,甹
53,仔
54,妇女
55,光临
56,田
57,素
58,试
59,宀
60,批评
61,私人
62,叶子
63,借
64,胜
65,小麦
66,夏
67,落
68,一
69,自动
70,超过
71,正式
72,屈
73,义
74,便宜
75,热情
76,遗憾
77,翻译
78,刍
79,尺子
80,犾
81,等待
82,叙述
83,陌生
84,当然
85,勿
86,厨房
87,护照
88,词典
89,道德
90,览
91,啊
92,燃烧
93,键
94,呀
95,倒
96,或许
97,过去
98,俱乐部
99,厕所
100,报社
101,醒
102,感兴趣
103,街道
104,干脆
105,述
106,早上
107,犹豫
108,调查
109,对方
110,辛苦
111,夂
112,缓
113,格外
114,均匀
115,京
116,吗
117,录
118,缺少
119,羡慕
120,豆腐
121,生产
122,曾经
123,营
124,劣
125,践
126,难怪
127,决心
128,理由
129,于是
130,艺
131,误会
132,姓
133,登记
134,管理
135,分别
136,般
137,保留
138,称
139,保存
140,报道
141,生命
142,北京
143,扩
144,助
145,震
146,璃
147,秩
148,阻
149,扫
150,贷款
151,似的
152,乘坐
153,移
154,假装
155,管
156,银
157,漂
158,架
159,诉
160,甚
161,受到
162,遇
163,笨
164,模特
165,私
166,诗
167,群
168,踢
169,斥
170,太阳
171,确
172,喜欢
173,质
174,设计
175,忽然
176,早
177,赔
178,苹果
179,其中
180,百分之
181,江
182,寻
183,维修
184,拉
185,伤
186,贺
187,台
188,相信
189,方式
190,推迟
191,几
192,威胁
193,叟
194,每
195,模仿
196,尽力
197,织
198,迷路
199,联合
200,方
201,步
202,结合
203,炭
204,飞
205,节目
206,伙伴
207,麻烦
208,节约
209,蜜
210,跑
211,联
212,例
213,为了
214,学习
215,饣
216,地铁
217,糕
218,职
219,颗
220,脆
221,玩具
222,躲藏
223,召
224,错
225,辈
226,多余
227,网球
228,办理
229,实用
230,工人
231,什么
232,扰
233,轻易
234,黄金
235,台阶
236,领域
237,猾
238,纷纷
239,上网
240,奋
241,正在
242,健康
243,宜
244,手工
245,从来
246,名牌
247,同事
248,忆
249,邮局
250,船
251,新
252,大象
253,人民币
254,技
255,项
256,睡觉
257,爸爸
258,奶
259,表情
260,完
261,陆续
262,猫
263,文字
264,夬
265,零
266,余
267,屉
268,粗
269,赞美
270,丿
271,了解
272,然后
273,礼貌
274,等于
275,断
276,热爱
277,戒
278,纪念
279,糖
280,码
281,气
282,咅
283,机场
284,拜
285,各自
286,果然
287,希望
288,感动
289,记录
290,派
291,夌
292,尔
293,娱乐
294,限
295,昷
296,影子
297,尼
298,验
299,乱
300,革
301,艺术
302,钅
303,亲戚
304,垃圾桶
305,聊天
306,汉语
307,操心
308,否则
309,标
310,主观
311,木头
312,老实
313,曾
314,报名
315,大
316,补充
317,究竟
318,马虎
319,武
320,名胜古迹
321,阻止
322,通常
323,间
324,仿佛
325,冘
326,互联网
327,廿
328,金
329,世纪
330,队
331,仿
332,链
333,国家
334,笔
335,触
336,传说
337,旁边
338,尽
339,册
340,透
341,狂
342,成就
343,傻
344,寞
345,咱
346,按照
347,结实
348,档
349,何必
350,表明
351,短
352,友好
353,风景
354,百
355,蓝
356,凭
357,以
358,圈
359,经常
360,牛奶
361,黄
362,萄
363,却
364,社
365,器
366,力气
367,赏
368,要是
369,脾气
370,雾
371,恶
372,开始
373,环境
374,亼
375,童
376,郊区
377,待
378,似乎
379,钥
380,不得了
381,兵
382,了
383,房间
384,卡
385,铃
386,饺
387,显
388,抄
389,怀
390,胆
391,从而
392,放松
393,支持
394,平时
395,明
396,最近
397,矛
398,列车
399,财
400,惊
401,遗
402,出生
403,科学
404,谓
405,权力
406,兴奋
407,爱护
408,网
409,咠
410,廾
411,清楚
412,算
413,中间
414,掉
415,根据
416,所以
417,伤害
418,点心
419,暂时
420,忽视
421,胃
422,夸张
423,应用
424,纸
425,切
426,瓜
427,种
428,乂
429,外交
430,时差
431,青春
432,支
433,如何
434,失眠
435,没有
436,苗条
437,度
438,大概
439,练习
440,成分
441,延长
442,博士
443,困
444,甚至
445,难道
446,职业
447,情绪
448,告诉
449,良
450,体育
451,描写
452,比较
453,稍微
454,毛巾
455,舛
456,说话
457,其次
458,庆
459,力
460,曼
461,卂
462,忍不住
463,寒
464,熟悉
465,昏
466,仓
467,四
468,玨
469,所有
470,后来
471,案
472,指挥
473,摩
474,拼
475,卧室
476,经商
477,座位
478,托
479,俱
480,损失
481,没
482,想象
483,夜
484,猴子
485,当地
486,竞争
487,刮风
488,幻想
489,资格
490,耐
491,退步
492,扇
493,氿
494,奈
495,到处
496,系
497,规矩
498,一定
499,预报
500,包裹
501,回忆
502,迅速
503,来不及
504,刷牙
505,纟
506,亿
507,主张
508,消化
509,马
510,意
511,鸟
512,如果
513,性格
514,煮
515,卬
516,浇
517,冏
518,穴
519,耽
520,者
521,眉
522,妨
523,外公
524,改善
525,塑料袋
526,稳定
527,令
528,效率
529,广泛
530,电脑
531,平
532,交流
533,预
534,朋友
535,率
536,贡献
537,热
538,具备
539,倡
540,眼
541,长
542,快
543,封
544,疯狂
545,肃
546,肥皂
547,鸡蛋
548,酒
549,确定
550,签
551,交往
552,获
553,依
554,组合
555,颜
556,业
557,味
558,琴
559,手表
560,标点
561,害怕
562,麻
563,环
564,膏
565,损
566,欧洲
567,调整
568,大夫
569,绪
570,必然
571,何
572,夷
573,旡
574,泛
575,接近
576,附
577,吸引
578,画
579,物质
580,火
581,允
582,鬼
583,说
584,办公室
585,笔记本
586,屚
587,海关
588,主题
589,传播
590,油
591,醉
592,体会
593,眼睛
594,持续
595,盼望
596,前
597,追求
598,骄
599,躺
600,由于
601,身体
602,动画片
603,本领
604,央
605,拒绝
606,怀孕
607,改
608,推
609,误
610,故
611,弹钢琴
612,妾
613,究
614,逐步
615,肉
616,抽
617,炸
618,动物
619,争
620,草
621,安排
622,地区
623,胡
624,军事
625,骂
626,特色
627,奋斗
628,咬
629,反
630,析
631,绍
632,特
633,染
634,皿
635,不要紧
636,丽
637,幸福
638,土豆
639,南
640,项链
641,逐渐
642,做
643,昭
644,决
645,瓶
646,租
647,活跃
648,及时
649,整个
650,报纸
651,疗
652,体现
653,惠
654,起来
655,氾
656,拿
657,冰箱
658,假设
659,着凉
660,培训
661,总统
662,集中
663,平衡
664,惭
665,幸运
666,促使
667,体验
668,继续
669,豫
670,条件
671,知识
672,哈
673,懒
674,艰苦
675,鼻
676,姑娘
677,诊
678,友
679,赔偿
680,辛
681,促
682,本科
683,数学
684,熊
685,运动
686,础
687,同意
688,轻松
689,入
690,虚
691,加班
692,以来
693,改进
694,的
695,渴
696,社会
697,亭
698,工厂
699,励
700,胖
701,臧
702,憾
703,模糊
704,恳
705,强
706,作家
707,合理
708,激动
709,曷
710,欠
711,请
712,完全
713,无数
714,唱
715,厘米
716,传统
717,曰
718,爱心
719,中旬
720,污染
721,长途
722,承担
723,司
724,押
725,艾
726,眉毛
727,姨
728,汽油
729,解释
730,椅
731,宣布
732,疯
733,索
734,除非
735,和平
736,完成
737,马上
738,文件
739,汉
740,未
741,排队
742,装修
743,从此
744,统
745,潮
746,滴
747,阅读
748,坦
749,回
750,纪
751,译
752,幼
753,讲座
754,引
755,羡
756,竟
757,图
758,生病
759,叙
760,对
761,乞
762,师
763,围绕
764,酱油
765,规模
766,英雄
767,飞机
768,时尚
769,努
770,奴
771,戊
772,组
773,猪
774,兔
775,舒服
776,容易
777,单调
778,编辑
779,工
780,瘦
781,表扬
782,播放
783,球
784,天真
785,自然
786,裁
787,豕
788,日程
789,承认
790,乡
791,适应
792,哲
793,证
794,允许
795,交
796,先
797,最初
798,年龄
799,部
800,塘
801,雨
802,喜
803,自觉
804,射击
805,吸
806,愿望
807,坚持
808,复印
809,县
810,提高
811,孛
812,虫
813,结婚
814,望
815,特点
816,古典
817,神秘
818,唯
819,些
820,至
821,感冒
822,前途
823,筷子
824,投入
825,急忙
826,忘记
827,女士
828,装饰
829,寻找
830,恶劣
831,正
832,玩
833,刷
834,邻
835,夭
836,無
837,份
838,符合
839,蜂
840,小
841,丷
842,具
843,对待
844,到底
845,学生
846,不见得
847,女
848,黑
849,铅笔
850,帅
851,洗澡
852,丝毫
853,印
854,提纲
855,氏
856,提前
857,啡
858,产品
859,开水
860,规
861,免费
862,龹
863,虎
864,讲
865,蜜蜂
866,询
867,洗
868,引起
869,承
870,期
871,锻炼
872,如今
873,剧
874,乐观
875,伸
876,丙
877,失望
878,选
879,诊断
880,绸
881,轻视
882,呢
883,言
884,禺
885,右边
886,庄
887,合影
888,训
889,真
890,裙子
891,预订
892,平方
893,彗
894,销售
895,人员
896,承受
897,样
898,厄
899,降落
900,乚
901,假
902,意见
903,周围
904,往往
905,北方
906,坚
907,角色
908,饱
909,表示
910,睡
911,起
912,语法
913,身材
914,龄
915,慰
916,辰
917,干杯
918,扩大
919,附近
920,遇到
921,羽毛球
922,吻
923,演讲
924,数据
925,搜
926,奇怪
927,把
928,编
929,燃
930,宾
931,赚
932,介
933,句子
934,客人
935,踢足球
936,寄
937,伙
938,恭
939,具体
940,地址
941,赢
942,食物
943,丁
944,鼓舞
945,冎
946,吵
947,重新
948,一直
949,国际
950,生
951,胁
952,亠
953,资料
954,通知
955,嗓
956,热闹
957,挂
958,境
959,源
960,身
961,酒吧
962,⺀
963,亚
964,父亲
965,消极
966,重点
967,脑袋
968,全面
969,麦
970,西
971,熊猫
972,写作
973,亲自
974,默
975,含
976,竟然
977,退休
978,移动
979,普
980,脸
981,论
982,沙漠
983,代
984,隔
985,鲜
986,盘
987,诚实
988,变化
989,密切
990,午
991,川
992,教室
993,都
994,约会
995,降低
996,糟糕
997,心
998,版
999,满足
1000,任务
1001,执照
1002,介绍
1003,肩
1004,穷
1005,彳
1006,邀
1007,泼
1008,衤
1009,号码
1010,煤炭
1011,批
1012,嚏
1013,标准
1014,退
1015,交际
1016,裙
1017,虑
1018,报告
1019,过敏
1020,谦虚
1021,焦
1022,请假
1023,畀
1024,体
1025,寂
1026,痒
1027,艰
1028,易
1029,禁止
1030,完美
1031,家
1032,活
1033,考
1034,美术
1035,特别
1036,凡
1037,雄
1038,篮
1039,顺
1040,烈
1041,幸
1042,暑
1043,返
1044,风俗
1045,馒头
1046,采访
1047,好客
1048,必
1049,敌
1050,库
1051,打听
1052,缓解
1053,一切
1054,传真
1055,阴
1056,谈
1057,肤
1058,双方
1059,困难
1060,此外
1061,鼠
1062,数字
1063,客厅
1064,废
1065,柴
1066,医院
1067,持
1068,牙膏
1069,生气
1070,部分
1071,肥
1072,偶然
1073,脑
1074,踩
1075,熟练
1076,游览
1077,啬
1078,经济
1079,博
1080,覀
1081,九
1082,经典
1083,描
1084,秘密
1085,暗
1086,乒乓球
1087,性质
1088,爱情
1089,商务
1090,实
1091,日期
1092,脖
1093,且
1094,经理
1095,营养
1096,郊
1097,逻辑
1098,辅导
1099,桔子
1100,恼
1101,因而
1102,丑
1103,尉
1104,汇率
1105,较
1106,肀
1107,幕
1108,农村
1109,人才
1110,认识
1111,姑
1112,逗
1113,浪费
1114,商业
1115,孩子
1116,解
1117,反应
1118,健
1119,刀
1120,机会
1121,命令
1122,采取
1123,地道
1124,日子
1125,一般
1126,慌张
1127,范围
1128,仍
1129,迶
1130,应
1131,软件
1132,朗读
1133,欶
1134,姐姐
1135,圣
1136,频
1137,礻
1138,华
1139,女儿
1140,杂志
1141,尤其
1142,傅
1143,建筑
1144,阳台
1145,并且
1146,巧妙
1147,肩膀
1148,爱好
1149,简
1150,作者
1151,核心
1152,长辈
1153,计
1154,过分
1155,硕
1156,刻苦
1157,帀
1158,材料
1159,黾
1160,压力
1161,公斤
1162,要不
1163,题目
1164,弄
1165,运
1166,竹子
1167,振
1168,暖和
1169,彐
1170,明白
1171,毫
1172,顾
1173,准
1174,胳膊
1175,兴
1176,智慧
1177,位于
1178,表
1179,后
1180,城市
1181,夗
1182,佛
1183,缩
1184,围巾
1185,釆
1186,休
1187,肙
1188,先生
1189,硬件
1190,翅
1191,灰心
1192,师傅
1193,农民
1194,致
1195,老
1196,感激
1197,辣椒
1198,尊
1199,丝绸
1200,除夕
1201,续
1202,半
1203,静
1204,护
1205,独
1206,舒
1207,次
1208,满意
1209,单位
1210,位
1211,乍
1212,圾
1213,语气
1214,申
1215,展
1216,将来
1217,蝴蝶
1218,感谢
1219,生意
1220,干净
1221,幅
1222,志
1223,展开
1224,击
1225,因为
1226,明显
1227,打扮
1228,享
1229,能
1230,好奇
1231,最好
1232,强烈
1233,裹
1234,修改
1235,时髦
1236,导演
1237,握
1238,克
1239,好吃
1240,刚
1241,表现
1242,美
1243,司机
1244,按时
1245,痛
1246,儿
1247,凉
1248,行李箱
1249,孕
1250,重大
1251,修
1252,途
1253,医
1254,糸
1255,香蕉
1256,堆
1257,印象
1258,傍晚
1259,危
1260,前面
1261,流
1262,造成
1263,理想
1264,挥
1265,羊肉
1266,轮流
1267,舍
1268,清淡
1269,然
1270,慢
1271,干燥
1272,贴
1273,粗糙
1274,勤
1275,停
1276,您
1277,极其
1278,石
1279,指导
1280,打算
1281,阵
1282,辞职
1283,辅
1284,气候
1285,阳
1286,秋
1287,盒子
1288,恢
1289,生活
1290,辶
1291,久
1292,卷
1293,全部
1294,成为
1295,广大
1296,感想
1297,妟
1298,愁
1299,祝
1300,室
1301,钢
1302,疋
1303,裤子
1304,臿
1305,一旦
1306,杂
1307,收拾
1308,爪
1309,昨
1310,工具
1311,驾
1312,则
1313,倍
1314,音乐
1315,舒适
1316,壮
1317,市场
1318,亲切
1319,域
1320,相
1321,取
1322,柬
1323,成
1324,区
1325,叔叔
1326,冂
1327,主任
1328,胆小鬼
1329,发明
1330,包含
1331,囟
1332,议
1333,隶
1334,魅
1335,裔
1336,姻
1337,旅游
1338,夹子
1339,骑
1340,整体
1341,费
1342,摔倒
1343,颜色
1344,控制
1345,信
1346,打招呼
1347,愧
1348,追
1349,内部
1350,反复
1351,装
1352,迟到
1353,出版
1354,爫
1355,赖
1356,钓
1357,沟
1358,嗯
1359,下
1360,是否
1361,已
1362,艰巨
1363,大方
1364,年级
1365,规定
1366,任
1367,怎
1368,禸
1369,仅
1370,辩
1371,就
1372,题
1373,严
1374,冰激凌
1375,摸
1376,利润
1377,油炸
1378,公布
1379,饺子
1380,香肠
1381,语
1382,咸
1383,晕
1384,巨大
1385,挡
1386,观点
1387,拥挤
1388,限制
1389,动
1390,个人
1391,军
1392,圆
1393,傲
1394,两
1395,法律
1396,而且
1397,胸
1398,校
1399,鼻子
1400,律师
1401,危险
1402,扔
1403,勇气
1404,我们
1405,教材
1406,巴
1407,价格
1408,果汁
1409,敏
1410,搜索
1411,多
1412,二
1413,佰
1414,勾
1415,射
1416,作业
1417,箱
1418,邀请
1419,演员
1420,战争
1421,老鼠
1422,对面
1423,咱们
1424,否认
1425,机器
1426,敲
1427,同
1428,月亮
1429,楼
1430,售货员
1431,胜利
1432,温柔
1433,激
1434,季
1435,吹
1436,奖
1437,亲爱
1438,桌子
1439,砍
1440,实验
1441,思想
1442,闪
1443,学问
1444,它
1445,跳
1446,并
1447,集体
1448,居
1449,方向
1450,建立
1451,流利
1452,顿
1453,英
1454,合同
1455,事实
1456,浅
1457,有
1458,游戏
1459,将
1460,住
1461,作文
1462,奇
1463,咨询
1464,趋势
1465,迹
1466,缺乏
1467,总是
1468,周末
1469,个别
1470,学
1471,胶
1472,盒
1473,字
1474,阳光
1475,虽然
1476,谢谢
1477,衮
1478,佩服
1479,景
1480,红
1481,甲
1482,推荐
1483,数码
1484,元旦
1485,度过
1486,玻
1487,摇
1488,发
1489,肚子
1490,木
1491,增
1492,线
1493,英俊
1494,幽默
1495,梳子
1496,批准
1497,合法
1498,闻
1499,提问
1500,宾馆
1501,结账
1502,填
1503,打
1504,声调
1505,登机牌
1506,合格
1507,家务
1508,培
1509,重
1510,酉
1511,剪刀
1512,辆
1513,树
1514,票
1515,据说
1516,急
1517,显示
1518,欢迎
1519,研
1520,守
1521,迟
1522,太太
1523,同学
1524,使
1525,吐
1526,能源
1527,安静
1528,依然
1529,类型
1530,府
1531,资
1532,姐
1533,代替
1534,既然
1535,形象
1536,称赞
1537,筷
1538,死
1539,计划
1540,泉
1541,瞧
1542,冻
1543,赶快
1544,秩序
1545,头
1546,赛
1547,项目
1548,温暖
1549,勤奋
1550,慕
1551,灾害
1552,态
1553,肯定
1554,今天
1555,衬衫
1556,实现
1557,恢复
1558,啇
1559,留
1560,宠物
1561,记
1562,上午
1563,冠
1564,涨
1565,售
1566,聪明
1567,气氛
1568,事
1569,斩
1570,无所谓
1571,违反
1572,投资
1573,壴
1574,戌
1575,始
1576,功夫
1577,概括
1578,期待
1579,渐
1580,打扰
1581,转变
1582,户
1583,址
1584,优秀
1585,吸取
1586,邮
1587,海
1588,因此
1589,而
1590,米饭
1591,青少年
1592,氺
1593,下雨
1594,硕士
1595,估计
1596,口
1597,尊重
1598,挤
1599,欣赏
1600,相似
1601,担
1602,破
1603,卜
1604,总
1605,止
1606,光盘
1607,良好
1608,个
1609,自豪
1610,扇子
1611,桶
1612,番
1613,其
1614,袋
1615,在
1616,量
1617,左
1618,胃口
1619,春
1620,操
1621,帮助
1622,月
1623,⺮
1624,火车站
1625,如
1626,馒
1627,孝
1628,悄悄
1629,橡皮
1630,夆
1631,禁
1632,慧
1633,远
1634,教育
1635,可惜
1636,打扫
1637,面包
1638,北
1639,想
1640,食
1641,齐
1642,话题
1643,肯
1644,立刻
1645,充分
1646,即
1647,地方
1648,区别
1649,人类
1650,见
1651,壶
1652,子
1653,工程师
1654,提
1655,耳朵
1656,湿
1657,代表
1658,状况
1659,碍
1660,重量
1661,又
1662,姑姑
1663,逃避
1664,不仅
1665,整
1666,皮
1667,利
1668,漏
1669,表格
1670,微笑
1671,种类
1672,比赛
1673,镜
1674,申请
1675,朱
1676,乇
1677,其实
1678,十分
1679,证据
1680,冉
1681,善于
1682,跑步
1683,照顾
1684,近代
1685,维
1686,移民
1687,本
1688,历
1689,证明
1690,唉
1691,聿
1692,字母
1693,由
1694,⺼
1695,重复
1696,屿
1697,蛋糕
1698,五
1699,成人
1700,但
1701,溥
1702,伴
1703,单元
1704,化
1705,香
1706,营业
1707,技术
1708,否
1709,系统
1710,决赛
1711,亻
1712,可能
1713,制定
1714,经
1715,冷静
1716,往
1717,癶
1718,改正
1719,牙
1720,吨
1721,淘气
1722,天气
1723,皃
1724,出
1725,戴
1726,蔬
1727,衬
1728,占
1729,难受
1730,並
1731,充满
1732,袜
1733,绿
1734,玉米
1735,参加
1736,开玩笑
1737,询问
1738,净
1739,谨慎
1740,付
1741,作用
1742,烤
1743,本质
1744,古
1745,范
1746,尧
1747,会计
1748,错误
1749,纲
1750,灵活
1751,竞
1752,胡说
1753,命运
1754,拐
1755,映
1756,叚
1757,举行
1758,恐
1759,老婆
1760,原则
1761,彩虹
1762,平安
1763,柿
1764,眼镜
1765,成长
1766,冋
1767,中介
1768,避
1769,卫
1770,号
1771,唱歌
1772,舌
1773,忙
1774,换
1775,怎么样
1776,结构
1777,概
1778,小姐
1779,任何
1780,举办
1781,公寓
1782,恨
1783,连续
1784,粮食
1785,带
1786,忄
1787,壬
1788,呼
1789,基础
1790,省
1791,至今
1792,精神
1793,教训
1794,人生
1795,乘
1796,哪儿
1797,恩
1798,广场
1799,戚
1800,乖
1801,肖
1802,运气
1803,原来
1804,认
1805,孙
1806,直
1807,角度
1808,财产
1809,照常
1810,象棋
1811,国
1812,找
1813,彻
1814,土
1815,主持
1816,窗户
1817,州
1818,钟
1819,恭喜
1820,争取
1821,委屈
1822,曹
1823,优惠
1824,终
1825,只
1826,无聊
1827,歹
1828,办法
1829,笑
1830,一起
1831,是
1832,择
1833,显然
1834,皮鞋
1835,结论
1836,不
1837,主人
1838,突出
1839,为
1840,姥姥
1841,手机
1842,教
1843,池塘
1844,扶
1845,灬
1846,欧
1847,阿姨
1848,去
1849,经过
1850,招
1851,魅力
1852,植物
1853,云
1854,杯子
1855,点
1856,当时
1857,水
1858,密
1859,记者
1860,舞
1861,囱
1862,坐
1863,感觉
1864,闭
1865,存在
1866,屋
1867,献
1868,祭
1869,茶
1870,嫩
1871,成功
1872,胶水
1873,唐
1874,爰
1875,现象
1876,无
1877,臼
1878,膀
1879,卓
1880,波
1881,鼠标
1882,确实
1883,送
1884,国籍
1885,形容
1886,善
1887,犹
1888,紫
1889,富
1890,呙
1891,推广
1892,猴
1893,怪
1894,髦
1895,吃亏
1896,打工
1897,剩
1898,劳驾
1899,尾
1900,后背
1901,彩
1902,直接
1903,棵
1904,过期
1905,参考
1906,风险
1907,改革
1908,名片
1909,窗帘
1910,严格
1911,超市
1912,疑
1913,难免
1914,次要
1915,酸
1916,妈妈
1917,受不了
1918,帽
1919,宛
1920,鸡
1921,败
1922,享受
1923,天空
1924,悠
1925,电台
1926,大厦
1927,整齐
1928,舟
1929,豸
1930,内
1931,应聘
1932,抽屉
1933,问
1934,建议
1935,植
1936,面对
1937,总算
1938,燥
1939,盘子
1940,阶段
1941,豪华
1942,保险
1943,各
1944,抱怨
1945,拼音
1946,看法
1947,嫁
1948,出示
1949,傍
1950,旬
1951,企
1952,羔
1953,朔
1954,背景
1955,秒
1956,辞
1957,小气
1958,处
1959,一下
1960,公主
1961,痛苦
1962,凶
1963,羽
1964,集合
1965,耽误
1966,巧克力
1967,擦
1968,顶
1969,讽
1970,形势
1971,熬
1972,桃
1973,餐厅
1974,广
1975,囗
1976,信号
1977,戏剧
1978,亢
1979,啤
1980,顾客
1981,评
1982,保护
1983,行人
1984,炎
1985,首都
1986,养
1987,夸
1988,简直
1989,法
1990,脚
1991,指
1992,精力
1993,料
1994,父
1995,电子邮件
1996,儿子
1997,要
1998,肰
1999,零食
2000,进口
2001,爱惜
2002,现在
2003,粘
2004,觉
2005,现金
2006,留学
2007,刺激
2008,联系
2009,随身
2010,包
2011,张
2012,华裔
2013,弃
2014,绝对
2015,怀念
2016,弟
2017,流传
2018,平静
2019,士兵
2020,成绩
2021,柜台
2022,边
2023,空间
2024,地毯
2025,偶
2026,页
2027,即使
2028,实话
2029,求
2030,勇
2031,属于
2032,暖
2033,罢
2034,太极拳
2035,祝贺
2036,冰
2037,蛋
2038,育
2039,习
2040,关闭
2041,戏
2042,双
2043,姿
2044,企业
2045,勹
2046,洋
2047,导
2048,测
2049,分析
2050,脏
2051,照片
2052,业务
2053,通
2054,汇
2055,撕
2056,仔细
2057,吉
2058,替
2059,突然
2060,涂
2061,海鲜
2062,发表
2063,抓紧
2064,礼
2065,访
2066,时间
2067,终于
2068,看见
2069,物
2070,主要
2071,旦
2072,亘
2073,省略
2074,康
2075,考虑
2076,详细
2077,弓
2078,交换
2079,迅
2080,匈
2081,文明
2082,骨
2083,响
2084,长江
2085,挑战
2086,钥匙
2087,滩
2088,认为
2089,毕
2090,光滑
2091,杯
2092,挺
2093,起飞
2094,摘
2095,弋
2096,羞
2097,翅膀
2098,块
2099,疲
2100,毛
2101,衡
2102,饭店
2103,葡萄
2104,尽快
2105,息
2106,供
2107,加油站
2108,弹
2109,抬
2110,归
2111,裤
2112,岛
2113,演
2114,或者
2115,座
2116,牌
2117,捡
2118,友谊
2119,鲜艳
2120,旁
2121,行业
2122,兔子
2123,因
2124,爱
2125,舅舅
2126,感
2127,丂
2128,坚决
2129,完善
2130,新鲜
2131,刻
2132,练
2133,近
2134,饿
2135,第一
2136,注
2137,放心
2138,保证
2139,厦
2140,兑换
2141,兆
2142,形
2143,继
2144,西红柿
2145,一致
2146,故意
2147,构
2148,迎
2149,类
2150,件
2151,说不定
2152,比
2153,反正
2154,怕
2155,唯一
2156,锁
2157,吵架
2158,呆
2159,了不起
2160,措施
2161,与
2162,谨
2163,结果
2164,蔬菜
2165,讨厌
2166,彡
2167,通过
2168,乙
2169,水果
2170,奇迹
2171,独立
2172,及格
2173,冒
2174,调皮
2175,规则
2176,毯
2177,关系
2178,沙发
2179,庭
2180,乎
2181,谦
2182,进行
2183,体贴
2184,罗
2185,仌
2186,目标
2187,贵
2188,齿
2189,时代
2190,沉
2191,人口
2192,还是
2193,俊
2194,咳嗽
2195,投
2196,鞭
2197,短信
2198,作
2199,背
2200,优势
2201,刃
2202,也许
2203,伟
2204,从前
2205,匆
2206,意义
2207,参观
2208,虚心
2209,永
2210,皂
2211,族
2212,森林
2213,便
2214,⺊
2215,彦
2216,美丽
2217,思考
2218,好处
2219,创造
2220,免
2221,耂
2222,价值
2223,准时
2224,犭
2225,罙
2226,屋子
2227,另
2228,抽象
2229,家乡
2230,偶尔
2231,兄弟
2232,宣
2233,报到
2234,缶
2235,距
2236,和
2237,烦恼
2238,摩托车
2239,也
2240,厉害
2241,毛病
2242,消息
2243,偷
2244,劲
2245,论文
2246,慎
2247,专门
2248,流行
2249,光明
2250,澡
2251,甘
2252,喊
2253,饮
2254,语言
2255,菜
2256,生动
2257,大家
2258,漂亮
2259,能力
2260,紧急
2261,录取
2262,日历
2263,家具
2264,梯
2265,股
2266,务
2267,克服
2268,假如
2269,敖
2270,招聘
2271,周
2272,缺点
2273,高兴
2274,刂
2275,尚
2276,金属
2277,左右
2278,导致
2279,时候
2280,壁
2281,传染
2282,看
2283,猜
2284,紧张
2285,董
2286,完整
2287,以及
2288,居然
2289,吓
2290,违
2291,来
2292,鼓
2293,得
2294,只好
2295,中
2296,著名
2297,村
2298,以为
2299,一辈子
2300,受伤
2301,声音
2302,管子
2303,罚款
2304,自
2305,效果
2306,效
2307,周到
2308,饭
2309,池
2310,收入
2311,玉
2312,挑
2313,播
2314,置
2315,被
2316,肌肉
2317,回答
2318,公里
2319,提醒
2320,亦
2321,数
2322,透明
2323,迎接
2324,文学
2325,万一
2326,洛
2327,减肥
2328,刖
2329,去年
2330,欣
2331,势
2332,教授
2333,拒
2334,洗手间
2335,系领带
2336,方便
2337,敢
2338,恋
2339,固定
2340,在乎
2341,花生
2342,色
2343,载
2344,冒险
2345,排
2346,辣
2347,进步
2348,毕竟
2349,包子
2350,闯
2351,对手
2352,万
2353,年代
2354,简历
2355,圤
2356,对话
2357,催
2358,个性
2359,下午
2360,差不多
2361,议论
2362,孰
2363,临时
2364,荐
2365,篇
2366,痛快
2367,小说
2368,组织
2369,状
2370,注册
2371,怀疑
2372,庆祝
2373,七
2374,夅
2375,宁
2376,尸
2377,看望
2378,内科
2379,认真
2380,接
2381,奖金
2382,讨价还价
2383,今
2384,恐怕
2385,分
2386,谷
2387,谅
2388,哲学
2389,改变
2390,宝
2391,嗽
2392,闪电
2393,相对
2394,敌人
2395,调
2396,填空
2397,包括
2398,民
2399,贸易
2400,典
2401,自行车
2402,严重
2403,叉
2404,葡
2405,陆
2406,押金
2407,高档
2408,让
2409,老虎
2410,媒体
2411,控
2412,产
2413,房东
2414,建设
2415,打针
2416,匀
2417,矿
2418,劳
2419,朝
2420,辟
2421,不安
2422,用功
2423,这
2424,后果
2425,左边
2426,甬
2427,影
2428,表面
2429,取消
2430,日用品
2431,畐
2432,答应
2433,幺
2434,反而
2435,豪
2436,忘
2437,失败
2438,节
2439,胳
2440,减
2441,价
2442,问候
2443,窗
2444,血
2445,责任
2446,底
2447,匚
2448,沟通
2449,烫
2450,坦率
2451,迫
2452,奶奶
2453,寂寞
2454,实习
2455,晴
2456,骄傲
2457,人
2458,靠
2459,叉子
2460,凌
2461,减少
2462,准确
2463,敏感
2464,肚
2465,所
2466,不断
2467,景色
2468,讲究
2469,楚
2470,着
2471,垂
2472,氛
2473,出租车
2474,狡猾
2475,迷
2476,风格
2477,低
2478,除了
2479,睁
2480,开放
2481,牛仔裤
2482,命
2483,道歉
2484,纳
2485,总之
2486,拍
2487,士
2488,有趣
2489,态度
2490,夹
2491,空
2492,彻底
2493,很
2494,摔
2495,地位
2496,自己
2497,肠
2498,方面
2499,公元
2500,卡车
2501,情
2502,归纳
2503,叔
2504,刚才
2505,热烈
2506,高
2507,戋
2508,出现
2509,弟弟
2510,汁
2511,穿
2512,消失
2513,市
2514,福
2515,遍
2516,白
2517,熟
2518,存
2519,广播
2520,硬
2521,稍
2522,过程
2523,笑话
2524,路
2525,强调
2526,召开
2527,延
2528,孝顺
2529,到达
2530,狮
2531,放暑假
2532,解决
2533,失去
2534,丬
2535,禹
2536,列
2537,结束
2538,漠
2539,样子
2540,攵
2541,疏
2542,再
2543,宝贝
2544,输
2545,纯
2546,手续
2547,骨头
2548,惜
2549,式
2550,日记
2551,妇
2552,厅
2553,随便
2554,共
2555,梦
2556,悉
2557,摆
2558,用途
2559,采
2560,众
2561,理
2562,皮肤
2563,罒
2564,帮
2565,城
2566,服务员
2567,发烧
2568,阝
2569,提供
2570,总结
2571,毒
2572,开发
2573,艳
2574,文具
2575,关心
2576,闹
2577,声
2578,中午
2579,占线
2580,润
2581,什
2582,反对
2583,奉
2584,饼
2585,纪律
2586,干
2587,灯
2588,车库
2589,勺子
2590,狡
2591,贯
2592,暂
2593,激烈
2594,晒
2595,神话
2596,卒
2597,预习
2598,制造
2599,足
2600,稳
2601,评价
2602,井
2603,匹
2604,后面
2605,人事
2606,获得
2607,还
2608,手指
2609,黑板
2610,斯
2611,处理
2612,词
2613,现代
2614,况
2615,卖
2616,学校
2617,证件
2618,闰
2619,娘
2620,咖
2621,拥
2622,虹
2623,记忆
2624,泳
2625,首先
2626,欢
2627,判
2628,抓
2629,基本
2630,寿
2631,电视
2632,牛
2633,政
2634,多少
2635,写
2636,讠
2637,扮
2638,演出
2639,盖
2640,文
2641,狮子
2642,急诊
2643,往返
2644,开幕式
2645,里
2646,转
2647,矮
2648,整理
2649,词语
2650,龙
2651,圭
2652,成果
2653,桔
2654,造
2655,聚会
2656,下载
2657,彼
2658,厨
2659,舍不得
2660,夕
2661,观察
2662,航
2663,看不起
2664,使用
2665,薄
2666,济
2667,吃
2668,腰
2669,性
2670,充电器
2671,程度
2672,宗
2673,劝
2674,病毒
2675,腿
2676,员工
2677,怪不得
2678,丰
2679,设施
2680,⺌
2681,尊敬
2682,厢
2683,时刻
2684,名
2685,剪
2686,肌
2687,落后
2688,旨
2689,铁
2690,略
2691,寅
2692,寓
2693,鱼
2694,昜
2695,熬夜
2696,授
2697,厘
2698,浏
2699,分布
2700,加
2701,权利
2702,聘
2703,丶
2704,爸
2705,奂
2706,一会儿
2707,特殊
2708,支票
2709,疐
2710,纪录
2711,样式
2712,须
2713,答
2714,哉
2715,程序
2716,表演
2717,打印
2718,妈
2719,悲观
2720,降
2721,传
2722,象
2723,综
2724,习惯
2725,光
2726,尾巴
2727,税
2728,粗心
2729,矩
2730,家庭
2731,始终
2732,怨
2733,厌
2734,趁
2735,着急
2736,诚恳
2737,门
2738,满
2739,片
2740,影响
2741,警
2742,打折
2743,悠久
2744,亅
2745,故事
2746,感情
2747,温度
2748,衣
2749,宠
2750,懂
2751,记得
2752,品
2753,主意
2754,愿
2755,仍然
2756,斿
2757,多么
2758,疒
2759,避免
2760,艹
2761,汤
2762,辩论
2763,启
2764,发言
2765,喂
2766,班
2767,沙
2768,复制
2769,昔
2770,搬
2771,估
2772,耤
2773,氐
2774,冠军
2775,修理
2776,付款
2777,条
2778,空调
2779,至于
2780,酋
2781,显得
2782,束
2783,才
2784,尢
2785,驾驶
2786,充
2787,口味
2788,未来
2789,锅
2790,地球
2791,商品
2792,昌
2793,符
2794,炒
2795,统一
2796,疑问
2797,共同
2798,生日
2799,字幕
2800,松
2801,棒
2802,扁
2803,撞
2804,迫切
2805,悔
2806,湿润
2807,变
2808,到
2809,事情
2810,顺序
2811,络
2812,既
2813,宿
2814,不耐烦
2815,聪
2816,备
2817,名字
2818,执
2819,礼拜天
2820,餐
2821,卯
2822,细
2823,匋
2824,予
2825,照相机
2826,鸭
2827,组成
2828,提倡
2829,匍
2830,容
2831,念
2832,化学
2833,性别
2834,垃
2835,出席
2836,释
2837,赞成
2838,领导
2839,时期
2840,岸
2841,岁
2842,优点
2843,歇
2844,东西
2845,等
2846,疼
2847,定
2848,弱
2849,哪
2850,制作
2851,诚
2852,立
2853,参
2854,咨
2855,武术
2856,盆
2857,与其
2858,流泪
2859,晚上
2860,创
2861,尗
2862,训练
2863,乛
2864,查
2865,小吃
2866,随手
2867,甜
2868,见面
2869,骗
2870,山
2871,不客气
2872,灵
2873,绩
2874,睛
2875,动作
2876,京剧
2877,媒
2878,披
2879,谢
2880,宴
2881,年
2882,呈
2883,因素
2884,伤心
2885,连忙
2886,测验
2887,正好
2888,隹
2889,年轻
2890,怜
2891,嘴
2892,海洋
2893,救
2894,随时
2895,面临
2896,小伙子
2897,合作
2898,教练
2899,某
2900,检
2901,昆
2902,个子
2903,地理
2904,朗
2905,监
2906,戒指
2907,闲
2908,花
2909,义务
2910,入口
2911,青
2912,担心
2913,刮
2914,精彩
2915,格
2916,政府
2917,对不起
2918,距离
2919,积
2920,发达
2921,无奈
2922,自信
2923,例如
2924,重要
2925,精
2926,烧
2927,接受
2928,臣
2929,在于
2930,服
2931,出口
2932,曲
2933,不过
2934,均
2935,登
2936,集
2937,选择
2938,相处
2939,出差
2940,碎
2941,散
2942,哭
2943,只要
2944,隔壁
2945,照
2946,知道
2947,没关系
2948,商店
2949,咖啡
2950,航班
2951,浓
2952,经历
2953,洞
2954,节日
2955,同时
2956,针
2957,可怕
2958,屯
2959,牙齿
2960,发挥
2961,资金
2962,贸
2963,疼爱
2964,不管
2965,插
2966,更
2967,逃
2968,独特
2969,站
2970,称呼
2971,昨天
2972,德
2973,蕉
2974,汽
2975,辑
2976,枼
2977,综合
2978,刘
2979,治疗
2980,出色
2981,预防
2982,疲劳
2983,校长
2984,雪
2985,识
2986,丈
2987,中心
2988,游泳
2989,说明
2990,哥哥
2991,老板
2992,秀
2993,堇
2994,战
2995,事物
2996,展览
2997,破坏
2998,耳
2999,账户
3000,公司
3001,日常
3002,专家
3003,梳
3004,一再
3005,目
3006,详
3007,朵
3008,衫
3009,愉快
3010,桑
3011,吧
3012,治
3013,厃
3014,订
3015,藏
3016,愉
3017,尽管
3018,邻居
3019,史
3020,棋
3021,吴
3022,转告
3023,斜
3024,你
3025,街
3026,商
3027,杀
3028,产生
3029,尤
3030,一共
3031,巩
3032,主动
3033,逻
3034,扌
3035,面
3036,复杂
3037,频道
3038,删
3039,操场
3040,炼
3041,俗
3042,俩
3043,关于
3044,爬
3045,像
3046,異
3047,出发
3048,普通话
3049,临
3050,雷
3051,烟
3052,放弃
3053,上班
3054,赞
3055,兼
3056,米
3057,玻璃
3058,分配
3059,胡同
3060,服装
3061,级
3062,研究
3063,陪
3064,彼此
3065,尃
3066,活泼
3067,该
3068,碗
3069,梦想
3070,阿
3071,场
3072,柔
3073,运用
3074,陆地
3075,幸亏
3076,至少
3077,平等
3078,兄
3079,祝福
3080,弗
3081,拳
3082,怎么
3083,温
3084,发生
3085,总共
3086,母
3087,向
3088,发票
3089,毕业
3090,合
3091,元
3092,礼物
3093,层
3094,眠
3095,片面
3096,妹
3097,黄河
3098,适合
3099,非
3100,客观
3101,老师
3102,禾
3103,椅子
3104,买
3105,星期
3106,小时
3107,上
3108,星
3109,有名
3110,歉
3111,打喷嚏
3112,儿童
3113,为什么
3114,橡
3115,崔
3116,繁
3117,朿
3118,原谅
3119,打篮球
3120,盾
3121,互相
3122,兰
3123,舅
3124,糊
3125,以前
3126,苟
3127,再三
3128,俞
3129,勇敢
3130,兟
3131,聂
3132,斤
3133,搞
3134,冬
3135,相当
3136,清
3137,寸
3138,饼干
3139,忍
3140,差
3141,据
3142,宝贵
3143,鼓掌
3144,待遇
3145,劳动
3146,寺
3147,标志
3148,烂
3149,店
3150,乃
3151,地
3152,严肃
3153,本来
3154,离婚
3155,着火
3156,然而
3157,大型
3158,当
3159,经营
3160,贝
3161,递
3162,十
3163,喷
3164,感受
3165,用
3166,厚
3167,枪
3168,于
3169,孙子
3170,尺
3171,抱
3172,未必
3173,折
3174,六
3175,设
3176,够
3177,配合
3178,乔
3179,球迷
3180,别
3181,君
3182,决定
3183,虍
3184,啤酒
3185,特征
3186,方法
3187,许多
3188,构成
3189,冷淡
3190,币
3191,丄
3192,上当
3193,地震
3194,担任
3195,伟大
3196,邦
3197,否定
3198,际
3199,幽
3200,行动
3201,公
3202,目录
3203,离开
3204,安慰
3205,序
3206,正常
3207,掌握
3208,利用
3209,另外
3210,打电话
3211,工作
3212,天
3213,厷
3214,首
3215,之
3216,其他
3217,霉
3218,成立
3219,货
3220,寒假
3221,围
3222,核
3223,脖子
3224,脾
3225,院
3226,们
3227,寿命
3228,部门
3229,少
3230,扬
3231,贡
3232,观众
3233,冫
3234,朋
3235,句
3236,得意
3237,塑
3238,复
3239,软
3240,方案
3241,课
3242,害
3243,购
3244,亲
3245,桥
3246,筑
3247,跟
3248,妙
3249,护士
3250,敕
3251,自由
3252,答案
3253,收据
3254,平均
3255,重视
3256,模
3257,业余
3258,竹
3259,糊涂
3260,滑
3261,资源
3262,吂
3263,夏令营
3264,责
3265,抱歉
3266,丢
3267,删除
3268,永远
3269,或
3270,歪
3271,举
3272,公园
3273,主
3274,形式
3275,可
3276,地图
3277,厂
3278,信用卡
3279,消费
3280,情况
3281,及
3282,会议
3283,简单
3284,爬山
3285,大使馆
3286,原料
3287,电梯
3288,除
3289,匸
3290,当心
3291,旅行
3292,盼
3293,推辞
3294,耳环
3295,纷
3296,游
3297,启发
3298,平常
3299,初级
3300,可靠
3301,犬
3302,缩短
3303,亏
3304,手术
3305,说服
3306,益
3307,不得不
3308,嘉
3309,利息
3310,罚
3311,深
3312,秘
3313,安全
3314,内容
3315,课程
3316,秘书
3317,嘉宾
3318,坚强
3319,男
3320,煤
3321,粮
3322,觉得
3323,贲
3324,成语
3325,巾
3326,干活儿
3327,浪
3328,同情
3329,梨
3330,轮
3331,位置
3332,己
3333,观念
3334,弯
3335,昆虫
3336,敬
3337,浪漫
3338,攸
3339,把握
3340,荣
3341,氵
3342,面条
3343,灰
3344,空闲
3345,色彩
3346,东
3347,席
3348,销
3349,征
3350,髟
3351,去世
3352,菜单
3353,堵车
3354,民族
3355,遵守
3356,⺈
3357,达
3358,意思
3359,偿
3360,休闲
3361,矣
3362,他
3363,谁
3364,热心
3365,高级
3366,空气
3367,病
3368,负责
3369,按
3370,趟
3371,注意
3372,不如
3373,丨
3374,谊
3375,压
3376,旧
3377,兑
3378,迟早
3379,值得
3380,固
3381,累
3382,饰
3383,只有
3384,一边
3385,石头
3386,漫
3387,卫生间
3388,侯
3389,连
3390,速度
3391,险
3392,孩
3393,宁可
3394,丝
3395,音
3396,请求
3397,蛇
3398,佩
3399,候
3400,喝
3401,报
3402,跃
3403,么
3404,兼职
3405,对象
3406,沉默
3407,促进
3408,学期
3409,好像
3410,哎
3411,文章
3412,森
3413,发现
3414,顺利
3415,款
3416,矢
3417,爷
3418,情景
3419,步骤
3420,别人
3421,窄
3422,来得及
3423,思
3424,零钱
3425,骤
3426,吏
3427,莫
3428,需要
3429,告
3430,叶
3431,赶
3432,惯
3433,滚
3434,能干
3435,随着
3436,博物馆
3437,神
3438,走
3439,一律
3440,其余
3441,需
3442,招待
3443,接触
3444,学术
3445,总理
3446,糟
3447,乐
3448,不然
3449,信心
3450,乑
3451,幼儿园
3452,救护车
3453,专
3454,烦
3455,功能
3456,书
3457,龺
3458,讨论
3459,绳子
3460,拐弯
3461,吕
3462,判断
3463,单纯
3464,亡
3465,随
3466,慌
3467,保
3468,醋
3469,后悔
3470,政治
3471,作为
3472,瞎
3473,分钟
3474,导游
3475,表达
3476,真实
3477,失业
3478,不足
3479,头发
3480,机
3481,尝
3482,全
3483,谈判
3484,灰尘
3485,增加
3486,宣传
3487,抽烟
3488,潮湿
3489,试卷
3490,趣
3491,优美
3492,段
3493,自从
3494,她
3495,拥抱
3496,凉快
3497,铅
3498,节省
3499,刺
3500,季节
3501,发愁
3502,咳
3503,屮
3504,珍惜
3505,苦
3506,套
3507,结
3508,丰富
3509,宴会
3510,达到
3511,摄影
3512,乐器
3513,问题
3514,道
3515,酱
3516,功
3517,宓
3518,攴
3519,制度
3520,巨
3521,镸
3522,苹
3523,账
3524,实践
3525,土地
3526,夫
3527,姥
3528,电池
3529,⺗
3530,对于
3531,一点儿
3532,拆
3533,的确
3534,敫
3535,应付
3536,警察
3537,可见
3538,虽
3539,深刻
3540,被子
3541,遵
3542,消
3543,实际
3544,设备
3545,括
3546,善良
3547,普遍
3548,词汇
3549,西瓜
3550,冷
3551,椒
3552,帘
3553,购物
3554,农业
3555,躲
3556,运输
3557,畏
3558,明星
3559,极
3560,借口
3561,艮
3562,著
3563,办
3564,糙
3565,岛屿
3566,发展
3567,积极
3568,殊
3569,开
3570,鞭炮
3571,年纪
3572,网络
3573,挣
3574,超
3575,悲
3576,收
3577,物理
3578,我
3579,园
3580,羊
3581,布
3582,读
3583,作品
3584,三
3585,离
3586,过
3587,打交道
3588,缺
3589,厶
3590,最
3591,李
3592,中国
3593,匕
3594,娱
3595,股票
3596,戈
3597,乓
3598,针对
3599,冗
3600,要求
3601,拦
3602,局
3603,多亏
3604,淡
3605,农
3606,已经
3607,阶
3608,电
3609,速
3610,可是
3611,衣服
3612,味道
3613,堵
3614,泪
3615,戉
3616,原因
3617,吃惊
3618,签证
3619,甫
3620,比例
3621,勺
3622,危害
3623,果实
3624,抢
3625,淘
3626,繁荣
3627,籍
3628,必要
3629,自愿
3630,千万
3631,信任
3632,规律
3633,领
3634,千
3635,河
3636,讽刺
3637,哥
3638,碰
3639,冈
3640,形成
3641,接待
3642,商量
3643,交通
3644,尽量
3645,貌
3646,鼓励
3647,外
3648,法院
3649,目的
3650,受
3651,官
3652,制
3653,绝
3654,散步
3655,相同
3656,根本
3657,零件
3658,角
3659,古代
3660,示
3661,果
3662,图书馆
3663,质量
3664,腐
3665,洲
3666,矿泉水
3667,害羞
3668,现实
3669,婆
3670,必须
3671,录音
3672,帽子
3673,手套
3674,快乐
3675,章
3676,人物
3677,宿舍
3678,合适
3679,浏览
3680,卩
3681,立即
3682,视
3683,明确
3684,悄
3685,保持
3686,生长
3687,瓶子
3688,廴
3689,公平
3690,分手
3691,再见
3692,术
3693,忽
3694,振动
3695,总裁
3696,面积
3697,妻
3698,察
3699,建
3700,妹妹
3701,破产
3702,印刷
3703,老百姓
3704,逛
3705,蝴
3706,养成
3707,沙滩
3708,姿势
3709,第
3710,划
3711,网站
3712,责备
3713,银行
3714,伞
3715,倒霉
3716,矦
3717,科
3718,珍
3719,休息
3720,呼吸
3721,几乎
3722,喿
3723,绕
3724,难
3725,状态
3726,努力
3727,顺便
3728,匆忙
3729,根
3730,难过
3731,斗
3732,耐心
3733,跳舞
3734,信息
3735,起床
3736,可爱
3737,培养
3738,瓦
3739,摄
3740,炮
3741,馆
3742,聚
3743,娄
3744,风
3745,厕
3746,心情
3747,基
3748,冲
3749,单独
3750,驶
3751,洒
3752,主席
3753,开心
3754,歌
3755,⺍
3756,界
3757,匙
3758,属
3759,新闻
3760,关键
3761,文化
3762,比如
3763,优
3764,理解
3765,狗
3766,贷
3767,来自
3768,威
3769,确认
3770,身份
3771,仑
3772,应该
3773,信封
3774,卑
3775,污
3776,长城
3777,乏
3778,臭
3779,掌
3780,甩
3781,陌
3782,林
3783,丈夫
3784,但是
3785,亍
3786,床
3787,地点
3788,巧
3789,那
3790,有利
3791,许
3792,蝶
3793,坏
3794,兀
3795,婚
3796,锻
3797,愿意
3798,凵
3799,赶紧
3800,关
3801,爷爷
3802,志愿者
3803,失
3804,水平
3805,廷
3806,拾
3807,收获
3808,员
3809,王子
3810,安装
3811,大约
3812,工资
3813,会
3814,可以
3815,袜子
3816,似
3817,心理
3818,单
3819,常识
3820,巳
3821,晚
3822,丩
3823,王
3824,配
3825,幻
3826,实在
3827,尘
3828,进
3829,手
3830,歺
3831,智
3832,真正
3833,准备
3834,检查
3835,佥
3836,行为
3837,此
3838,矛盾
3839,计算
3840,概念
3841,利益
3842,抖
3843,阅
3844,公开
3845,车
3846,荒
3847,使劲儿
3848,觜
3849,复习
3850,韦
3851,绳
3852,握手
3853,现
3854,律
3855,约
3856,负
3857,婚礼
3858,适
3859,烤鸭
3860,想念
3861,趋
3862,婚姻
3863,对比
3864,殳
3865,一样
3866,亥
3867,目前
3868,嗓子
3869,小心
3870,突
3871,冖
3872,乒
3873,知
3874,越
3875,国王
3876,从
3877,常
3878,团
3879,钢铁
3880,互
3881,程
3882,墙
3883,数量
3884,叫
3885,惭愧
3886,理论
3887,专业
3888,亮
3889,书架
3890,钱
3891,丘
3892,丸
3893,旅
3894,委
3895,母亲
3896,龶
3897,非常
3898,施
3899,成熟
3900,放
3901,可怜
3902,麦克风
3903,反映
3904,脱
3905,柜
3906,轻
3907,好
3908,末
3909,理发
3910,专心
3911,不但
3912,讨
3913,车厢
3914,材
3915,考试
3916,接着
3917,值
3918,措
3919,从事
3920,何况
3921,排列
3922,吸收
3923,争论
3924,学历
3925,行
3926,历史
3927,正确
3928,右
3929,差距
3930,原
3931,型
3932,道理
3933,厉
3934,给
3935,微
3936,粘贴
3937,桌
3938,客
3939,中文
3940,苋
3941,饮料
3942,活动
3943,广告
3944,逐
3945,权
3946,宽
3947,八
3948,蹲
3949,豆
3950,汗
3951,听
3952,健身
3953,药
3954,灾
3955,镜子
3956,太
3957,意外
3958,苗
3959,密码
3960,征求
3961,捐
3962,鬲
3963,参与
3964,积累
3965,娶
3966,鞋
3967,形状
3968,火柴
3969,初
3970,事先
3971,妻子
3972,卧
3973,卅
3974,刑
3975,观
